threshold,fpr,tpr
inf,0.0,0.0
0.9978572119416673,0.0,0.0005555555555555556
0.9833186672555522,0.0,0.04111111111111111
0.9830564143507089,0.0005555555555555556,0.04111111111111111
0.9757828054250205,0.0005555555555555556,0.06388888888888888
0.975729459943284,0.0011111111111111111,0.06388888888888888
0.9708438474082838,0.0011111111111111111,0.08166666666666667
0.9708082225782614,0.0016666666666666668,0.08166666666666667
0.9547189184978009,0.0016666666666666668,0.1288888888888889
0.9545944405356581,0.0022222222222222222,0.1288888888888889
0.9529274251034583,0.0022222222222222222,0.13555555555555557
0.9527075043605596,0.002777777777777778,0.13555555555555557
0.9505771760026007,0.002777777777777778,0.1438888888888889
0.9503144449687176,0.0033333333333333335,0.1438888888888889
0.9502053439254563,0.0033333333333333335,0.14444444444444443
0.9500697979294186,0.0038888888888888888,0.14444444444444443
0.9445577601453358,0.0038888888888888888,0.16111111111111112
0.9444834082614609,0.0044444444444444444,0.16111111111111112
0.9443191977987379,0.0044444444444444444,0.1622222222222222
0.9437835050010696,0.005,0.1622222222222222
0.9425895648111638,0.005,0.16777777777777778
0.9423110534081264,0.005555555555555556,0.16777777777777778
0.9352906106552256,0.005555555555555556,0.1938888888888889
0.9347053527728337,0.006111111111111111,0.1938888888888889
0.9346647232544508,0.006111111111111111,0.19444444444444445
0.9346477796485346,0.006666666666666667,0.19444444444444445
0.9323745316825732,0.006666666666666667,0.2011111111111111
0.9320796326940805,0.007222222222222222,0.2011111111111111
0.9252480950984271,0.007222222222222222,0.21722222222222223
0.9251670402759611,0.0077777777777777776,0.21722222222222223
0.923816546639122,0.0077777777777777776,0.22333333333333333
0.923660492440028,0.008333333333333333,0.22333333333333333
0.920425547006936,0.008333333333333333,0.23166666666666666
0.9202062560470025,0.008888888888888889,0.23166666666666666
0.9167578257427261,0.008888888888888889,0.2411111111111111
0.9166220586983552,0.009444444444444445,0.2411111111111111
0.9121242109891367,0.009444444444444445,0.25333333333333335
0.9118257146154536,0.01,0.25333333333333335
0.9107508142989835,0.01,0.25833333333333336
0.9105462072009222,0.010555555555555556,0.25833333333333336
0.9074011001804344,0.010555555555555556,0.26722222222222225
0.9072819918586559,0.011111111111111112,0.26722222222222225
0.9060086483434814,0.011111111111111112,0.27
0.9057397228502753,0.011666666666666667,0.27
0.9053693383381618,0.011666666666666667,0.27166666666666667
0.9052601549327611,0.012222222222222223,0.27166666666666667
0.9039955480220445,0.012222222222222223,0.27666666666666667
0.9038767578171905,0.012777777777777779,0.27666666666666667
0.900965351400874,0.012777777777777779,0.28444444444444444
0.9008208999703804,0.013333333333333334,0.28444444444444444
0.8974479623709978,0.013333333333333334,0.2916666666666667
0.8972298166145576,0.013888888888888888,0.2916666666666667
0.8962833517475057,0.013888888888888888,0.2927777777777778
0.8961929355436662,0.014444444444444444,0.2927777777777778
0.8933378937555505,0.014444444444444444,0.3016666666666667
0.8932824697591196,0.015,0.3016666666666667
0.8915789012709722,0.015,0.30666666666666664
0.8914764196756978,0.015555555555555555,0.30666666666666664
0.8902282793345381,0.015555555555555555,0.30944444444444447
0.8899829578033641,0.01611111111111111,0.30944444444444447
0.8891731955742668,0.01611111111111111,0.31166666666666665
0.8881307854610937,0.016666666666666666,0.31166666666666665
0.88401010503116,0.016666666666666666,0.325
0.8839074588446355,0.017222222222222222,0.325
0.8829217618941438,0.017222222222222222,0.32666666666666666
0.8819733158582392,0.017777777777777778,0.32666666666666666
0.8810243910846228,0.017777777777777778,0.33055555555555555
0.880901745577728,0.018333333333333333,0.33055555555555555
0.8807801528605337,0.018333333333333333,0.33166666666666667
0.8807470387230619,0.01888888888888889,0.33166666666666667
0.8796314155214784,0.01888888888888889,0.33666666666666667
0.878938292614764,0.02,0.33666666666666667
0.8786729404226955,0.02,0.3377777777777778
0.878454210488971,0.020555555555555556,0.3377777777777778
0.8765449623440464,0.020555555555555556,0.33944444444444444
0.8764870796593184,0.021111111111111112,0.33944444444444444
0.8740725837707333,0.021111111111111112,0.3433333333333333
0.8740031627378454,0.021666666666666667,0.3433333333333333
0.873452083888302,0.021666666666666667,0.34444444444444444
0.8734024699988919,0.022222222222222223,0.34444444444444444
0.8713605564212197,0.022222222222222223,0.3488888888888889
0.8712491829190205,0.02277777777777778,0.3488888888888889
0.8710859555958821,0.02277777777777778,0.34944444444444445
0.8710386357663317,0.023333333333333334,0.34944444444444445
0.8700472357988096,0.023333333333333334,0.3527777777777778
0.8697571144481276,0.024444444444444446,0.3527777777777778
0.8690260072175287,0.024444444444444446,0.35444444444444445
0.8690121387124479,0.025,0.35444444444444445
0.8651769973872071,0.025,0.3655555555555556
0.865139951928306,0.025555555555555557,0.3655555555555556
0.8631965588721179,0.025555555555555557,0.3705555555555556
0.8625682767965992,0.026111111111111113,0.3705555555555556
0.8619514603650898,0.026111111111111113,0.37277777777777776
0.8619237591166016,0.02666666666666667,0.37277777777777776
0.8605324443867522,0.02666666666666667,0.3761111111111111
0.860413301953339,0.027777777777777776,0.3761111111111111
0.859090911091708,0.027777777777777776,0.37722222222222224
0.8590313873607167,0.028333333333333332,0.37722222222222224
0.8583306629219596,0.028333333333333332,0.3794444444444444
0.8580764341040347,0.029444444444444443,0.3794444444444444
0.857792092110124,0.029444444444444443,0.3811111111111111
0.8577659383536242,0.03,0.3811111111111111
0.8548836392088979,0.03,0.3883333333333333
0.8543494440097781,0.03166666666666667,0.3883333333333333
0.8542745824088827,0.03166666666666667,0.3888888888888889
0.8536654308781931,0.03222222222222222,0.3888888888888889
0.8518873672801376,0.03222222222222222,0.39444444444444443
0.8510707030606445,0.03277777777777778,0.39444444444444443
0.8501811620890347,0.03277777777777778,0.39666666666666667
0.8500729444162567,0.03333333333333333,0.39666666666666667
0.8488922232865144,0.03333333333333333,0.3988888888888889
0.8487556979241133,0.03388888888888889,0.3988888888888889
0.8475016312766281,0.03388888888888889,0.4011111111111111
0.8472216183106246,0.034444444444444444,0.4011111111111111
0.8465317841462068,0.034444444444444444,0.4033333333333333
0.8464349771157085,0.035,0.4033333333333333
0.8449852074347614,0.035,0.405
0.8449544119355058,0.035555555555555556,0.405
0.8440683288816071,0.035555555555555556,0.4066666666666667
0.8440239776398374,0.03611111111111111,0.4066666666666667
0.843558161951141,0.03611111111111111,0.4083333333333333
0.8431117752858133,0.03666666666666667,0.4083333333333333
0.8427599296735306,0.03666666666666667,0.41055555555555556
0.8427483179387002,0.03722222222222222,0.41055555555555556
0.8415743391102929,0.03722222222222222,0.41388888888888886
0.8408863302304401,0.03777777777777778,0.41388888888888886
0.8376678478156511,0.03777777777777778,0.42333333333333334
0.8375276941082223,0.03833333333333333,0.42333333333333334
0.8374288562132309,0.03833333333333333,0.42444444444444446
0.8372898814841306,0.03944444444444444,0.42444444444444446
0.8370918673167641,0.03944444444444444,0.4261111111111111
0.8370495787519717,0.04,0.4261111111111111
0.836694991192521,0.04,0.4266666666666667
0.836473898924699,0.04111111111111111,0.4266666666666667
0.8361799446518519,0.04111111111111111,0.4272222222222222
0.8360659271842521,0.041666666666666664,0.4272222222222222
0.8351590112072522,0.041666666666666664,0.4288888888888889
0.8342905893674656,0.042777777777777776,0.4288888888888889
0.8300677357206697,0.042777777777777776,0.43666666666666665
0.8295163944147907,0.04388888888888889,0.43666666666666665
0.8280339139136046,0.04388888888888889,0.44055555555555553
0.8280106138986433,0.044444444444444446,0.44055555555555553
0.8262747283290274,0.044444444444444446,0.44222222222222224
0.8259503643141137,0.045,0.44222222222222224
0.8249887241344657,0.045,0.44666666666666666
0.824728369688042,0.04555555555555556,0.44666666666666666
0.8238793679505881,0.04555555555555556,0.4483333333333333
0.8229368499560771,0.04611111111111111,0.4483333333333333
0.8225686192607661,0.04611111111111111,0.4488888888888889
0.8224308884798553,0.04666666666666667,0.4488888888888889
0.8210432138711601,0.04666666666666667,0.45222222222222225
0.8209613761202014,0.04722222222222222,0.45222222222222225
0.8206292306907216,0.04722222222222222,0.4533333333333333
0.8203619092870179,0.04777777777777778,0.4533333333333333
0.8174489705500018,0.04777777777777778,0.45944444444444443
0.817342061435213,0.04833333333333333,0.45944444444444443
0.8160678603802076,0.04833333333333333,0.46166666666666667
0.8157522844828748,0.049444444444444444,0.46166666666666667
0.8152545220809011,0.049444444444444444,0.4633333333333333
0.8150360804866633,0.05,0.4633333333333333
0.8130839617378101,0.05,0.4672222222222222
0.8124973048266153,0.051111111111111114,0.4672222222222222
0.8115933120877193,0.051111111111111114,0.46944444444444444
0.8113854287306896,0.051666666666666666,0.46944444444444444
0.8103889233425949,0.051666666666666666,0.4716666666666667
0.8102882070338187,0.052222222222222225,0.4716666666666667
0.8098419987604537,0.052222222222222225,0.4722222222222222
0.8098368775273783,0.05277777777777778,0.4722222222222222
0.8094577429789142,0.05277777777777778,0.4738888888888889
0.8092271374112738,0.05333333333333334,0.4738888888888889
0.8089007141442477,0.05333333333333334,0.47444444444444445
0.808428811144859,0.05444444444444444,0.47444444444444445
0.8080214172171271,0.05444444444444444,0.47555555555555556
0.8079909384155912,0.055,0.47555555555555556
0.8065924433556899,0.055,0.47833333333333333
0.8057854616256452,0.05611111111111111,0.47833333333333333
0.8046117857662615,0.05611111111111111,0.47944444444444445
0.8043972551752419,0.056666666666666664,0.47944444444444445
0.8040868595542066,0.056666666666666664,0.4816666666666667
0.8036628554540569,0.057777777777777775,0.4816666666666667
0.8011675641002012,0.057777777777777775,0.48944444444444446
0.8011029747376676,0.058333333333333334,0.48944444444444446
0.799771953070459,0.058333333333333334,0.49166666666666664
0.799758190504496,0.058888888888888886,0.49166666666666664
0.7993977034291737,0.058888888888888886,0.49333333333333335
0.799316601371244,0.059444444444444446,0.49333333333333335
0.7987516396677204,0.059444444444444446,0.4938888888888889
0.7985536594541168,0.06,0.4938888888888889
0.7975098818282258,0.06,0.4955555555555556
0.7974396773316602,0.06055555555555556,0.4955555555555556
0.7951246408132258,0.06055555555555556,0.49722222222222223
0.7948562748798803,0.06111111111111111,0.49722222222222223
0.7938706485661393,0.06111111111111111,0.5
0.7938493646715129,0.06166666666666667,0.5
0.7927248742224899,0.06166666666666667,0.5022222222222222
0.7926309749614217,0.06222222222222222,0.5022222222222222
0.7926070197249221,0.06222222222222222,0.5027777777777778
0.7921997751399874,0.06333333333333334,0.5027777777777778
0.7913572593859913,0.06333333333333334,0.505
0.7913517291381723,0.06388888888888888,0.505
0.7904747798034433,0.06388888888888888,0.5061111111111111
0.7901555070889983,0.06444444444444444,0.5061111111111111
0.7900103200178982,0.06444444444444444,0.5066666666666667
0.7899315749495716,0.065,0.5066666666666667
0.7895500160447836,0.065,0.5083333333333333
0.7895099444078619,0.06555555555555556,0.5083333333333333
0.7890005811483299,0.06555555555555556,0.5094444444444445
0.7885112548759189,0.06666666666666667,0.5094444444444445
0.7883288827709563,0.06666666666666667,0.5105555555555555
0.7879227775271469,0.06777777777777778,0.5105555555555555
0.7877598157237855,0.06777777777777778,0.5122222222222222
0.7876455700739,0.06833333333333333,0.5122222222222222
0.7876426058338385,0.06833333333333333,0.5127777777777778
0.7873299711019051,0.06888888888888889,0.5127777777777778
0.7868843590497362,0.06888888888888889,0.515
0.786519364223681,0.06944444444444445,0.515
0.7860696711522499,0.06944444444444445,0.5161111111111111
0.7852141099996923,0.07055555555555555,0.5161111111111111
0.7840437818173619,0.07055555555555555,0.5172222222222222
0.783481540818828,0.07166666666666667,0.5172222222222222
0.7810097629567684,0.07166666666666667,0.5238888888888888
0.7805971085755721,0.07222222222222222,0.5238888888888888
0.7787060973988605,0.07222222222222222,0.5277777777777778
0.7778171222297572,0.07277777777777777,0.5277777777777778
0.7774036714044302,0.07277777777777777,0.5283333333333333
0.7764711059149942,0.07333333333333333,0.5283333333333333
0.7750978360542179,0.07333333333333333,0.5322222222222223
0.7748456133503894,0.07388888888888889,0.5322222222222223
0.7743029321276609,0.07388888888888889,0.5333333333333333
0.7742195468605756,0.07444444444444444,0.5333333333333333
0.7731902374278928,0.07444444444444444,0.5361111111111111
0.7731874552395084,0.075,0.5361111111111111
0.7678402017337301,0.075,0.5427777777777778
0.7676254252752986,0.07611111111111112,0.5427777777777778
0.7664254016488701,0.07611111111111112,0.5433333333333333
0.765242167611768,0.07833333333333334,0.5433333333333333
0.7651157423033819,0.07833333333333334,0.5438888888888889
0.764599329889079,0.07944444444444444,0.5438888888888889
0.7631949058192279,0.07944444444444444,0.5472222222222223
0.7631471358762942,0.08,0.5472222222222223
0.7611021980813751,0.08,0.5511111111111111
0.7608014748588493,0.08055555555555556,0.5511111111111111
0.7589619951105661,0.08055555555555556,0.5522222222222222
0.7584642536916141,0.0811111111111111,0.5522222222222222
0.7576893573206733,0.0811111111111111,0.5533333333333333
0.7576308307387394,0.08166666666666667,0.5533333333333333
0.7568652471386884,0.08166666666666667,0.555
0.7568633176978414,0.08222222222222222,0.555
0.7553107287195738,0.08222222222222222,0.5577777777777778
0.7551901418019805,0.08277777777777778,0.5577777777777778
0.7548598361639848,0.08277777777777778,0.5594444444444444
0.7545914429106931,0.08333333333333333,0.5594444444444444
0.7535401738662937,0.08333333333333333,0.5622222222222222
0.7534123259277331,0.08388888888888889,0.5622222222222222
0.7530249017748859,0.08388888888888889,0.5627777777777778
0.7528040921618658,0.08444444444444445,0.5627777777777778
0.7524029810275394,0.08444444444444445,0.5644444444444444
0.7521266016325444,0.085,0.5644444444444444
0.751259309530985,0.085,0.5655555555555556
0.7511497468497462,0.08611111111111111,0.5655555555555556
0.7487328283704432,0.08611111111111111,0.5694444444444444
0.747686040277356,0.08666666666666667,0.5694444444444444
0.7469159381292486,0.08666666666666667,0.5705555555555556
0.745978942688242,0.08722222222222223,0.5705555555555556
0.7414744482868565,0.08722222222222223,0.5738888888888889
0.7414455575833445,0.08777777777777777,0.5738888888888889
0.7406672378807383,0.08777777777777777,0.5761111111111111
0.7387832528655622,0.08833333333333333,0.5761111111111111
0.7381950864801395,0.08833333333333333,0.5766666666666667
0.7378380722944398,0.08888888888888889,0.5766666666666667
0.7364919254705687,0.08888888888888889,0.5783333333333334
0.7364568004088671,0.08944444444444444,0.5783333333333334
0.7304435823763858,0.08944444444444444,0.5855555555555556
0.7294791778242514,0.09055555555555556,0.5855555555555556
0.7287741546974366,0.09055555555555556,0.5866666666666667
0.7272774154361813,0.09166666666666666,0.5866666666666667
0.7261909355764367,0.09166666666666666,0.5888888888888889
0.7257851795859682,0.09222222222222222,0.5888888888888889
0.7211649161824827,0.09222222222222222,0.5927777777777777
0.7207064939856104,0.09277777777777778,0.5927777777777777
0.7183041426388196,0.09277777777777778,0.5972222222222222
0.7180615457183187,0.09333333333333334,0.5972222222222222
0.7174649249759384,0.09333333333333334,0.5983333333333334
0.7172902313995394,0.09388888888888888,0.5983333333333334
0.7172856160039353,0.09388888888888888,0.5988888888888889
0.7164231497385984,0.09444444444444444,0.5988888888888889
0.7142211701735003,0.09444444444444444,0.6016666666666667
0.7139402249336435,0.095,0.6016666666666667
0.7124220334786571,0.095,0.6044444444444445
0.7123535310350588,0.09555555555555556,0.6044444444444445
0.7110856458499721,0.09555555555555556,0.6088888888888889
0.7105241983444253,0.0961111111111111,0.6088888888888889
0.7096622945980162,0.0961111111111111,0.61
0.7091550725430205,0.09666666666666666,0.61
0.7073236997367948,0.09666666666666666,0.6116666666666667
0.7070736748786729,0.09722222222222222,0.6116666666666667
0.7059438612898744,0.09722222222222222,0.6127777777777778
0.7055993345719805,0.09777777777777778,0.6127777777777778
0.7032503074952415,0.09777777777777778,0.6161111111111112
0.7031039051818783,0.09833333333333333,0.6161111111111112
0.7026316812854787,0.09833333333333333,0.6166666666666667
0.7026252020169913,0.09888888888888889,0.6166666666666667
0.7011774800214359,0.09888888888888889,0.6188888888888889
0.7008678479780112,0.09944444444444445,0.6188888888888889
0.6999555257953252,0.09944444444444445,0.6211111111111111
0.6987275837823378,0.10055555555555555,0.6211111111111111
0.6948311338595659,0.10055555555555555,0.6261111111111111
0.6933995523971248,0.10111111111111111,0.6261111111111111
0.6927774238595887,0.10111111111111111,0.6266666666666667
0.6920073346810104,0.10222222222222223,0.6266666666666667
0.6914588522500886,0.10222222222222223,0.6272222222222222
0.6912143956097381,0.10277777777777777,0.6272222222222222
0.6890409882542945,0.10277777777777777,0.6277777777777778
0.6881340509136079,0.10388888888888889,0.6277777777777778
0.6881130952708451,0.10388888888888889,0.6283333333333333
0.6870383739186345,0.10444444444444445,0.6283333333333333
0.684528962174106,0.10444444444444445,0.6322222222222222
0.6841545437098043,0.105,0.6322222222222222
0.6834275000389634,0.105,0.6327777777777778
0.6830601728774087,0.10555555555555556,0.6327777777777778
0.6819280730532835,0.10555555555555556,0.6333333333333333
0.6809295610597464,0.10722222222222222,0.6333333333333333
0.6801563723642122,0.10722222222222222,0.635
0.678992731229311,0.10777777777777778,0.635
0.678734416158106,0.10777777777777778,0.6355555555555555
0.6778489314880995,0.10888888888888888,0.6355555555555555
0.6723110547626701,0.10888888888888888,0.6388888888888888
0.6722525190329569,0.11,0.6388888888888888
0.6721779353520335,0.11,0.6394444444444445
0.6718362464371883,0.11055555555555556,0.6394444444444445
0.6710653475164707,0.11055555555555556,0.6422222222222222
0.669008856571892,0.1111111111111111,0.6422222222222222
0.6688380499738951,0.1111111111111111,0.6427777777777778
0.6687461509919844,0.11166666666666666,0.6427777777777778
0.6671317950373261,0.11166666666666666,0.6438888888888888
0.6666245673137938,0.11333333333333333,0.6438888888888888
0.6626401311198834,0.11333333333333333,0.6483333333333333
0.6626104917911457,0.11388888888888889,0.6483333333333333
0.6624393862964711,0.11388888888888889,0.6488888888888888
0.6617238244505302,0.115,0.6488888888888888
0.6616999466011821,0.115,0.6494444444444445
0.6612288345110731,0.11555555555555555,0.6494444444444445
0.6607260244817129,0.11555555555555555,0.6516666666666666
0.6598564172910989,0.11833333333333333,0.6516666666666666
0.6594713719593677,0.11833333333333333,0.6522222222222223
0.6578205198149158,0.12,0.6522222222222223
0.6571400109503771,0.12,0.6527777777777778
0.6564202355953661,0.12055555555555555,0.6527777777777778
0.6559123322428047,0.12055555555555555,0.6533333333333333
0.6558548722289552,0.12111111111111111,0.6533333333333333
0.654740060283749,0.12111111111111111,0.655
0.6542119124789246,0.12222222222222222,0.655
0.653104093424724,0.12222222222222222,0.6566666666666666
0.6529633842448928,0.12277777777777778,0.6566666666666666
0.651336348216229,0.12277777777777778,0.6588888888888889
0.6511991898573005,0.12333333333333334,0.6588888888888889
0.6511135853685136,0.12333333333333334,0.6594444444444445
0.6487137473833346,0.12444444444444444,0.6594444444444445
0.6485034467234759,0.12444444444444444,0.6605555555555556
0.6480405731734374,0.12555555555555556,0.6605555555555556
0.6467822409929544,0.12555555555555556,0.6622222222222223
0.645413456467225,0.12666666666666668,0.6622222222222223
0.6439758342581969,0.12666666666666668,0.6627777777777778
0.642696990123146,0.12833333333333333,0.6627777777777778
0.6413314888482631,0.12833333333333333,0.6644444444444444
0.6393247519507632,0.13055555555555556,0.6644444444444444
0.638038379382077,0.13055555555555556,0.6661111111111111
0.6378491292392233,0.13111111111111112,0.6661111111111111
0.6377318223140156,0.13111111111111112,0.6666666666666666
0.6376729136873656,0.13166666666666665,0.6666666666666666
0.6369836987782622,0.13166666666666665,0.6672222222222223
0.6369278908721061,0.1322222222222222,0.6672222222222223
0.6367472255673644,0.1322222222222222,0.6677777777777778
0.6363245313834565,0.13333333333333333,0.6677777777777778
0.632516149621441,0.13333333333333333,0.6738888888888889
0.6324056393741905,0.1338888888888889,0.6738888888888889
0.6309155308764903,0.1338888888888889,0.6744444444444444
0.6289326323501269,0.135,0.6744444444444444
0.6282228722136136,0.135,0.6761111111111111
0.6278588828928865,0.13555555555555557,0.6761111111111111
0.6273978250638794,0.13555555555555557,0.6772222222222222
0.6254544153230933,0.13722222222222222,0.6772222222222222
0.625281778792821,0.13722222222222222,0.6783333333333333
0.624685629541506,0.13833333333333334,0.6783333333333333
0.6228827835356071,0.13833333333333334,0.6794444444444444
0.6218913436329466,0.1388888888888889,0.6794444444444444
0.6215642250092506,0.1388888888888889,0.68
0.6195188650907488,0.14055555555555554,0.68
0.6180488892891262,0.14055555555555554,0.6822222222222222
0.6176542613863277,0.1411111111111111,0.6822222222222222
0.6170409381370262,0.1411111111111111,0.6827777777777778
0.6150519579151192,0.14222222222222222,0.6827777777777778
0.6140673881614662,0.14222222222222222,0.6833333333333333
0.6128231571477729,0.14333333333333334,0.6833333333333333
0.610764215416242,0.14333333333333334,0.6838888888888889
0.6100191061582335,0.14444444444444443,0.6838888888888889
0.6100163762668946,0.14444444444444443,0.6844444444444444
0.6093650907668406,0.145,0.6844444444444444
0.6062884995745258,0.145,0.6866666666666666
0.6061630196807074,0.14555555555555555,0.6866666666666666
0.6059538568769203,0.14555555555555555,0.6872222222222222
0.605791473743902,0.14666666666666667,0.6872222222222222
0.6048682709699778,0.14666666666666667,0.6877777777777778
0.604551924588708,0.14777777777777779,0.6877777777777778
0.6044786215115424,0.14777777777777779,0.6883333333333334
0.603547600622049,0.14888888888888888,0.6883333333333334
0.6032711687780435,0.14888888888888888,0.6888888888888889
0.6031151591725507,0.14944444444444444,0.6888888888888889
0.6013146816727215,0.14944444444444444,0.6911111111111111
0.6012397075860877,0.15,0.6911111111111111
0.5995677508377675,0.15,0.6933333333333334
0.5995494295224106,0.15055555555555555,0.6933333333333334
0.5971404733644,0.15055555555555555,0.6977777777777778
0.5971120774733303,0.1511111111111111,0.6977777777777778
0.5963700002107778,0.1511111111111111,0.6994444444444444
0.5963222203243036,0.15166666666666667,0.6994444444444444
0.5960937628844202,0.15166666666666667,0.7
0.5960908317518344,0.15222222222222223,0.7
0.5951333080094486,0.15222222222222223,0.7027777777777777
0.594864242854265,0.1527777777777778,0.7027777777777777
0.5946497297064892,0.1527777777777778,0.7033333333333334
0.5936711214247938,0.15388888888888888,0.7033333333333334
0.5933865412107482,0.15388888888888888,0.7038888888888889
0.5899846578571186,0.15722222222222224,0.7038888888888889
0.5891712460062244,0.15722222222222224,0.7061111111111111
0.5888651834411075,0.15777777777777777,0.7061111111111111
0.5887744398557562,0.15777777777777777,0.7066666666666667
0.5887605212659596,0.15833333333333333,0.7066666666666667
0.5871449434606936,0.15833333333333333,0.7088888888888889
0.5852116571017104,0.15944444444444444,0.7088888888888889
0.5848048420469896,0.15944444444444444,0.7094444444444444
0.5837656092940299,0.16,0.7094444444444444
0.5836158173992029,0.16,0.71
0.5829692502757062,0.16166666666666665,0.71
0.5821111726076346,0.16166666666666665,0.7111111111111111
0.5802167820112315,0.1638888888888889,0.7111111111111111
0.5797801253594443,0.1638888888888889,0.7116666666666667
0.57916168813137,0.16444444444444445,0.7116666666666667
0.5776603099013708,0.16444444444444445,0.715
0.5773860480975211,0.165,0.715
0.5765596757816478,0.165,0.7161111111111111
0.5765584571283447,0.16555555555555557,0.7161111111111111
0.5743112523754861,0.16555555555555557,0.72
0.5722649292082856,0.16833333333333333,0.72
0.5722203576235392,0.16833333333333333,0.7205555555555555
0.5721540075897618,0.1688888888888889,0.7205555555555555
0.5712345332933132,0.1688888888888889,0.7216666666666667
0.5694763381999487,0.16944444444444445,0.7216666666666667
0.5685244881660316,0.16944444444444445,0.7227777777777777
0.5673724840721424,0.1711111111111111,0.7227777777777777
0.5666933746413392,0.1711111111111111,0.7233333333333334
0.5662220860404253,0.17222222222222222,0.7233333333333334
0.5640963694017717,0.17222222222222222,0.7266666666666667
0.5635474887188039,0.17277777777777778,0.7266666666666667
0.5634018169766726,0.17277777777777778,0.7272222222222222
0.5628060217672675,0.17333333333333334,0.7272222222222222
0.5626786332236757,0.17333333333333334,0.7277777777777777
0.5624287331736905,0.1738888888888889,0.7277777777777777
0.5618577772573283,0.1738888888888889,0.7283333333333334
0.5605132750703369,0.17444444444444446,0.7283333333333334
0.5594035279358818,0.17444444444444446,0.7294444444444445
0.5593126560763818,0.175,0.7294444444444445
0.5586869820593382,0.175,0.7311111111111112
0.5546255428069794,0.17944444444444443,0.7311111111111112
0.5545925038467715,0.17944444444444443,0.7316666666666667
0.5526953924516997,0.18,0.7316666666666667
0.5496479286148064,0.18,0.7355555555555555
0.5487191492236199,0.18055555555555555,0.7355555555555555
0.5484017996980978,0.18055555555555555,0.7361111111111112
0.5479352336240068,0.1811111111111111,0.7361111111111112
0.5452863041774167,0.1811111111111111,0.7388888888888889
0.5443392415083289,0.18222222222222223,0.7388888888888889
0.542510142504041,0.18222222222222223,0.74
0.5400743639609539,0.18333333333333332,0.74
0.5400441053253863,0.18333333333333332,0.7411111111111112
0.5394976925871607,0.185,0.7411111111111112
0.5388503906525777,0.185,0.7433333333333333
0.5388419482450097,0.18555555555555556,0.7433333333333333
0.5387902453612379,0.18555555555555556,0.7438888888888889
0.5381652302295509,0.18666666666666668,0.7438888888888889
0.5376659973148126,0.18666666666666668,0.7444444444444445
0.5373724983276558,0.18722222222222223,0.7444444444444445
0.5373629033378332,0.18722222222222223,0.745
0.5361807604669622,0.18777777777777777,0.745
0.5352922526051558,0.18777777777777777,0.7461111111111111
0.5348407688657236,0.18833333333333332,0.7461111111111111
0.5337714232470474,0.18833333333333332,0.7477777777777778
0.5327296702163105,0.19055555555555556,0.7477777777777778
0.5322167961350313,0.19055555555555556,0.7488888888888889
0.5309914393908615,0.19166666666666668,0.7488888888888889
0.5288454358455662,0.19166666666666668,0.7516666666666667
0.5282875793445263,0.19277777777777777,0.7516666666666667
0.5278170629845245,0.19277777777777777,0.7533333333333333
0.5277517987583414,0.19333333333333333,0.7533333333333333
0.5259046874461956,0.19333333333333333,0.7538888888888889
0.5256759114967569,0.195,0.7538888888888889
0.525546434010533,0.195,0.7544444444444445
0.5242677232388572,0.19666666666666666,0.7544444444444445
0.5241975509987055,0.19666666666666666,0.755
0.5241292419823159,0.19722222222222222,0.755
0.5238496547813264,0.19722222222222222,0.7555555555555555
0.5237815548281277,0.19833333333333333,0.7555555555555555
0.5235285392781843,0.19833333333333333,0.7561111111111111
0.5234916282644771,0.1988888888888889,0.7561111111111111
0.5226053864355364,0.1988888888888889,0.7572222222222222
0.5215870902328995,0.19944444444444445,0.7572222222222222
0.5208590785594173,0.19944444444444445,0.7583333333333333
0.5201590500459599,0.20055555555555554,0.7583333333333333
0.5180241719465895,0.20055555555555554,0.7605555555555555
0.517852030726222,0.2011111111111111,0.7605555555555555
0.5174979674636171,0.2011111111111111,0.7622222222222222
0.5170004126168309,0.20222222222222222,0.7622222222222222
0.5160794255443092,0.20222222222222222,0.7633333333333333
0.5150806907617829,0.20277777777777778,0.7633333333333333
0.5138006945388955,0.20277777777777778,0.7644444444444445
0.5134649860959973,0.2038888888888889,0.7644444444444445
0.5134424426783459,0.2038888888888889,0.765
0.5122121740811859,0.205,0.765
0.5121234835232191,0.205,0.7655555555555555
0.5120857785358974,0.20555555555555555,0.7655555555555555
0.5098909227851569,0.20555555555555555,0.7677777777777778
0.5098449376529968,0.2061111111111111,0.7677777777777778
0.5096885945701529,0.2061111111111111,0.7683333333333333
0.5092584576659228,0.20666666666666667,0.7683333333333333
0.5092192109568954,0.20666666666666667,0.7688888888888888
0.508874944280219,0.20722222222222222,0.7688888888888888
0.5075229594655208,0.20722222222222222,0.7705555555555555
0.5074066214094437,0.20777777777777778,0.7705555555555555
0.5072182874712404,0.20777777777777778,0.7711111111111111
0.5062599501208064,0.20833333333333334,0.7711111111111111
0.5052175408532017,0.20833333333333334,0.7727777777777778
0.505189521170031,0.2088888888888889,0.7727777777777778
0.5,0.21222222222222223,0.7805555555555556
0.49486485878079606,0.2127777777777778,0.7805555555555556
0.48922478148853366,0.2127777777777778,0.7844444444444445
0.4890392367217159,0.21333333333333335,0.7844444444444445
0.4883189216710919,0.21333333333333335,0.785
0.4878607452615414,0.21388888888888888,0.785
0.48589180582463415,0.21388888888888888,0.7872222222222223
0.48582540466380786,0.21444444444444444,0.7872222222222223
0.48521090674680895,0.21444444444444444,0.7883333333333333
0.48461897898308,0.21555555555555556,0.7883333333333333
0.4844880143327655,0.21555555555555556,0.7888888888888889
0.48361057043968764,0.21722222222222223,0.7888888888888889
0.48312943608895065,0.21722222222222223,0.79
0.48149817379180193,0.21833333333333332,0.79
0.48099582828686305,0.21833333333333332,0.7905555555555556
0.4796129522887707,0.22055555555555556,0.7905555555555556
0.47889899929299556,0.22055555555555556,0.7927777777777778
0.4784435784115465,0.22166666666666668,0.7927777777777778
0.4778873807418131,0.22166666666666668,0.7933333333333333
0.4776441514961764,0.2222222222222222,0.7933333333333333
0.47737576808227883,0.2222222222222222,0.7938888888888889
0.4772505600280083,0.22277777777777777,0.7938888888888889
0.47629241600755806,0.22277777777777777,0.7944444444444444
0.4754321027690248,0.225,0.7944444444444444
0.4753175558491895,0.225,0.7955555555555556
0.47524743588611934,0.22555555555555556,0.7955555555555556
0.4747793090561709,0.22555555555555556,0.7966666666666666
0.47440349862744036,0.22666666666666666,0.7966666666666666
0.47399950854709,0.22666666666666666,0.7977777777777778
0.4739843871740102,0.22722222222222221,0.7977777777777778
0.4734024932851219,0.22722222222222221,0.7983333333333333
0.472995206134616,0.22777777777777777,0.7983333333333333
0.47257111267974694,0.22777777777777777,0.8005555555555556
0.47184585013409946,0.22833333333333333,0.8005555555555556
0.47116075673774777,0.22833333333333333,0.8022222222222222
0.46948352024877565,0.22944444444444445,0.8022222222222222
0.4694796554555544,0.22944444444444445,0.8027777777777778
0.4674705070731451,0.23055555555555557,0.8027777777777778
0.46522806817053475,0.23055555555555557,0.8038888888888889
0.46429401583142793,0.23222222222222222,0.8038888888888889
0.4626618344890693,0.23222222222222222,0.8061111111111111
0.46218881239344684,0.2338888888888889,0.8061111111111111
0.46188254943863044,0.2338888888888889,0.8066666666666666
0.46114458759366805,0.2361111111111111,0.8066666666666666
0.46071238599417014,0.2361111111111111,0.8072222222222222
0.45979840395469723,0.23722222222222222,0.8072222222222222
0.45926955966284705,0.23722222222222222,0.8077777777777778
0.4591204114447469,0.23777777777777778,0.8077777777777778
0.4589279666051982,0.23777777777777778,0.8083333333333333
0.4582814386115171,0.23944444444444443,0.8083333333333333
0.45813550644840273,0.23944444444444443,0.8094444444444444
0.45711134643122214,0.24055555555555555,0.8094444444444444
0.4568770240382768,0.24055555555555555,0.81
0.4554578401002113,0.24166666666666667,0.81
0.45457167009281796,0.24166666666666667,0.8111111111111111
0.4539387850260294,0.2427777777777778,0.8111111111111111
0.45300390261323764,0.2427777777777778,0.8127777777777778
0.4529831906875578,0.24333333333333335,0.8127777777777778
0.45144731993479914,0.24333333333333335,0.8133333333333334
0.4513392041502047,0.24388888888888888,0.8133333333333334
0.45104433086646273,0.24388888888888888,0.8138888888888889
0.44828328608858414,0.2477777777777778,0.8138888888888889
0.4479059853777273,0.2477777777777778,0.815
0.44527934374352207,0.25055555555555553,0.815
0.44224265588202094,0.25055555555555553,0.8188888888888889
0.4416565368874109,0.2511111111111111,0.8188888888888889
0.4398840546886362,0.2511111111111111,0.8205555555555556
0.4397086323112371,0.25166666666666665,0.8205555555555556
0.43942196787906584,0.25166666666666665,0.8211111111111111
0.43871016927805484,0.25277777777777777,0.8211111111111111
0.43853646362689014,0.25277777777777777,0.8222222222222222
0.43838531255210883,0.25333333333333335,0.8222222222222222
0.4376184309175789,0.25333333333333335,0.8233333333333334
0.4374281090674239,0.2544444444444444,0.8233333333333334
0.437422588502978,0.2544444444444444,0.8238888888888889
0.43713965034200253,0.25555555555555554,0.8238888888888889
0.43609482178016923,0.25555555555555554,0.8255555555555556
0.4357819058364113,0.25722222222222224,0.8255555555555556
0.43531183115296634,0.25722222222222224,0.8266666666666667
0.4350939636157724,0.2577777777777778,0.8266666666666667
0.4350539093250504,0.2577777777777778,0.8272222222222222
0.43414505947026644,0.2588888888888889,0.8272222222222222
0.4339863343381736,0.2588888888888889,0.8277777777777777
0.4303843016526933,0.26055555555555554,0.8277777777777777
0.4290443240542054,0.26055555555555554,0.8288888888888889
0.42888589858492476,0.2611111111111111,0.8288888888888889
0.42663371427267893,0.2611111111111111,0.8305555555555556
0.4263142663749769,0.26166666666666666,0.8305555555555556
0.42345078284414994,0.26166666666666666,0.8333333333333334
0.4231109370667553,0.26222222222222225,0.8333333333333334
0.4221563348013482,0.26222222222222225,0.8344444444444444
0.4219457095630811,0.2627777777777778,0.8344444444444444
0.4217647788561995,0.2627777777777778,0.835
0.4206395856402641,0.2638888888888889,0.835
0.42023545886406327,0.2638888888888889,0.8355555555555556
0.4194587595977735,0.26555555555555554,0.8355555555555556
0.418912661500455,0.26555555555555554,0.8361111111111111
0.41733656225083976,0.2683333333333333,0.8361111111111111
0.41619151023503376,0.2683333333333333,0.8366666666666667
0.415863828188615,0.2688888888888889,0.8366666666666667
0.41580111340428116,0.2688888888888889,0.8372222222222222
0.41576976844668473,0.26944444444444443,0.8372222222222222
0.41513833521348165,0.26944444444444443,0.8377777777777777
0.4148284530387809,0.27,0.8377777777777777
0.4145434045452918,0.27,0.8383333333333334
0.4134470166656279,0.27055555555555555,0.8383333333333334
0.41092395468102616,0.27055555555555555,0.8416666666666667
0.41089865648269946,0.27111111111111114,0.8416666666666667
0.41038833180482776,0.27111111111111114,0.8422222222222222
0.4088225188317696,0.2722222222222222,0.8422222222222222
0.4074688269442078,0.2722222222222222,0.8438888888888889
0.4064225553987785,0.275,0.8438888888888889
0.4059623077707465,0.275,0.845
0.4038856414973239,0.2772222222222222,0.845
0.4038082133958933,0.2772222222222222,0.8455555555555555
0.40250447520182125,0.2788888888888889,0.8455555555555555
0.4024441173696871,0.2788888888888889,0.8461111111111111
0.4007906601953404,0.2811111111111111,0.8461111111111111
0.3995095476090174,0.2811111111111111,0.8466666666666667
0.3993918027850076,0.2816666666666667,0.8466666666666667
0.3984450930190513,0.2816666666666667,0.8472222222222222
0.3951218043320282,0.28444444444444444,0.8472222222222222
0.39504152067457543,0.28444444444444444,0.8477777777777777
0.3946623996414335,0.28555555555555556,0.8477777777777777
0.39414595520519524,0.28555555555555556,0.8483333333333334
0.3923314872722774,0.2866666666666667,0.8483333333333334
0.3920861681184782,0.2866666666666667,0.8488888888888889
0.3916259515830768,0.2872222222222222,0.8488888888888889
0.39009113414357616,0.2872222222222222,0.8494444444444444
0.38927826118618103,0.2877777777777778,0.8494444444444444
0.38861819488561383,0.2877777777777778,0.85
0.38795653182716927,0.29055555555555557,0.85
0.38732677936925464,0.29055555555555557,0.8511111111111112
0.3871320492381688,0.2911111111111111,0.8511111111111112
0.38667885738305896,0.2911111111111111,0.8516666666666667
0.38662559125087415,0.2922222222222222,0.8516666666666667
0.38546555685383005,0.2922222222222222,0.8522222222222222
0.38457703954740036,0.29333333333333333,0.8522222222222222
0.38416356848999506,0.29333333333333333,0.8527777777777777
0.3839899700158644,0.295,0.8527777777777777
0.3832145052931102,0.295,0.855
0.38299919139921823,0.2961111111111111,0.855
0.38180749477166204,0.2961111111111111,0.8561111111111112
0.38176912046063916,0.2966666666666667,0.8561111111111112
0.38161719613947787,0.2966666666666667,0.8566666666666667
0.3813367837238943,0.29833333333333334,0.8566666666666667
0.38060307942686306,0.29833333333333334,0.8577777777777778
0.37860737669109157,0.3022222222222222,0.8577777777777778
0.37842599732121224,0.3022222222222222,0.8583333333333333
0.37604968477374967,0.3055555555555556,0.8583333333333333
0.37554580641813773,0.3055555555555556,0.8594444444444445
0.37505042767245167,0.3061111111111111,0.8594444444444445
0.3748822230429693,0.3061111111111111,0.86
0.37462380426896486,0.30666666666666664,0.86
0.37456747492576553,0.30666666666666664,0.8605555555555555
0.3713533803884865,0.31055555555555553,0.8605555555555555
0.36976320721639216,0.31055555555555553,0.8622222222222222
0.3687960014999494,0.31166666666666665,0.8622222222222222
0.3674305314590912,0.31166666666666665,0.8633333333333333
0.36586126124474627,0.31333333333333335,0.8633333333333333
0.36574646893651463,0.31333333333333335,0.8644444444444445
0.3651373277062082,0.315,0.8644444444444445
0.3639577139513281,0.315,0.8655555555555555
0.36253576438871027,0.31666666666666665,0.8655555555555555
0.3620810461565985,0.31666666666666665,0.8661111111111112
0.36196512314397217,0.31777777777777777,0.8661111111111112
0.36122226610928304,0.31777777777777777,0.8666666666666667
0.3610380223874184,0.31833333333333336,0.8666666666666667
0.3610205014496192,0.31833333333333336,0.8672222222222222
0.3590284597613252,0.32,0.8672222222222222
0.35861599612575185,0.32,0.8677777777777778
0.35396652245224247,0.3238888888888889,0.8677777777777778
0.3537602271044142,0.3238888888888889,0.8688888888888889
0.3536013460793932,0.3244444444444444,0.8688888888888889
0.35317592868722947,0.3244444444444444,0.8711111111111111
0.35276383672709205,0.32611111111111113,0.8711111111111111
0.35261529783988604,0.32611111111111113,0.8722222222222222
0.35134741535408864,0.3288888888888889,0.8722222222222222
0.35007910630018024,0.3288888888888889,0.8733333333333333
0.3489279882625182,0.33055555555555555,0.8733333333333333
0.34866240298993567,0.33055555555555555,0.8744444444444445
0.34786341106972074,0.3327777777777778,0.8744444444444445
0.34724144934104245,0.3327777777777778,0.8755555555555555
0.3471183919420038,0.3333333333333333,0.8755555555555555
0.3468939608110943,0.3333333333333333,0.8761111111111111
0.34598632167115384,0.33555555555555555,0.8761111111111111
0.34456291478688017,0.33555555555555555,0.8772222222222222
0.34452287612658955,0.33611111111111114,0.8772222222222222
0.34368807998083967,0.33611111111111114,0.8777777777777778
0.3424645843551369,0.3383333333333333,0.8777777777777778
0.34168399457720555,0.3383333333333333,0.8788888888888889
0.34037392586642184,0.3388888888888889,0.8788888888888889
0.3402975549381743,0.3388888888888889,0.88
0.33969850718514244,0.33944444444444444,0.88
0.3387457101773593,0.33944444444444444,0.8811111111111111
0.33809877198903343,0.3411111111111111,0.8811111111111111
0.33805259432336376,0.3411111111111111,0.8816666666666667
0.3374177756540948,0.3416666666666667,0.8816666666666667
0.33734635717186157,0.3416666666666667,0.8822222222222222
0.337309081061425,0.3427777777777778,0.8822222222222222
0.33697328393908826,0.3427777777777778,0.8827777777777778
0.3349990837996311,0.3438888888888889,0.8827777777777778
0.33475528316541253,0.3438888888888889,0.8833333333333333
0.3341253581093143,0.34555555555555556,0.8833333333333333
0.3335285695131541,0.34555555555555556,0.8844444444444445
0.3307732273357932,0.3488888888888889,0.8844444444444445
0.32919955029569076,0.3488888888888889,0.8866666666666667
0.3290396606329075,0.34944444444444445,0.8866666666666667
0.3284662901465819,0.34944444444444445,0.8877777777777778
0.32839736399641306,0.35,0.8877777777777778
0.3271776319734657,0.35,0.8894444444444445
0.32628116849690386,0.35055555555555556,0.8894444444444445
0.32587635433544865,0.35055555555555556,0.89
0.32578039622686733,0.3511111111111111,0.89
0.32473083212302734,0.3511111111111111,0.8905555555555555
0.32283589779975813,0.35388888888888886,0.8905555555555555
0.3218611271124828,0.35388888888888886,0.8916666666666667
0.32021882613293123,0.35444444444444445,0.8916666666666667
0.3201022737654922,0.35444444444444445,0.8922222222222222
0.31937956855558364,0.3561111111111111,0.8922222222222222
0.31892392946870385,0.3561111111111111,0.8927777777777778
0.31741984840382426,0.3572222222222222,0.8927777777777778
0.3170958876585896,0.3572222222222222,0.8933333333333333
0.31657514357033656,0.35944444444444446,0.8933333333333333
0.31636406532725336,0.35944444444444446,0.8938888888888888
0.31464872147380973,0.3616666666666667,0.8938888888888888
0.3144040489138572,0.3616666666666667,0.8944444444444445
0.312646641450892,0.36277777777777775,0.8944444444444445
0.31195563071640914,0.36277777777777775,0.8955555555555555
0.31183733527159047,0.36333333333333334,0.8955555555555555
0.3108622088362132,0.36333333333333334,0.8961111111111111
0.3080923343822964,0.3655555555555556,0.8961111111111111
0.30649378315377596,0.3655555555555556,0.8966666666666666
0.3042920952266471,0.3672222222222222,0.8966666666666666
0.3037092052272323,0.3672222222222222,0.8972222222222223
0.3028438845996556,0.36944444444444446,0.8972222222222223
0.30183803564907136,0.36944444444444446,0.8977777777777778
0.30176749091252336,0.37,0.8977777777777778
0.299781568594368,0.37,0.8994444444444445
0.29849479986577515,0.37277777777777776,0.8994444444444445
0.29830033812299706,0.37277777777777776,0.9
0.2966634211645875,0.37444444444444447,0.9
0.29658462626722326,0.37444444444444447,0.9005555555555556
0.29644244447437385,0.375,0.9005555555555556
0.29640195479446474,0.375,0.9011111111111111
0.29502026413931737,0.37833333333333335,0.9011111111111111
0.29475227615416816,0.37833333333333335,0.9022222222222223
0.29461769755728007,0.3788888888888889,0.9022222222222223
0.29217271773211023,0.3788888888888889,0.9055555555555556
0.2918629452120731,0.38055555555555554,0.9055555555555556
0.29171197872268556,0.38055555555555554,0.9061111111111111
0.2872382945091744,0.3888888888888889,0.9061111111111111
0.28601972143151544,0.3888888888888889,0.9077777777777778
0.284590703585339,0.3927777777777778,0.9077777777777778
0.28435331198512814,0.3927777777777778,0.9088888888888889
0.282577308481112,0.39444444444444443,0.9088888888888889
0.2824604464857686,0.39444444444444443,0.9094444444444445
0.28122736008237137,0.39555555555555555,0.9094444444444445
0.28105809315438535,0.39555555555555555,0.91
0.2808513954887593,0.39611111111111114,0.91
0.2804775115997205,0.39611111111111114,0.9105555555555556
0.28013735763494546,0.39666666666666667,0.9105555555555556
0.2789010794695248,0.39666666666666667,0.9111111111111111
0.278502609588844,0.3977777777777778,0.9111111111111111
0.27781865695056684,0.3977777777777778,0.9127777777777778
0.2763068336624237,0.39944444444444444,0.9127777777777778
0.27562711067800655,0.39944444444444444,0.9138888888888889
0.27427800630749927,0.4011111111111111,0.9138888888888889
0.2742224124725491,0.4011111111111111,0.9144444444444444
0.2700383212331064,0.4066666666666667,0.9144444444444444
0.2693794588928631,0.4066666666666667,0.9155555555555556
0.2690888112976811,0.4077777777777778,0.9155555555555556
0.26904380271893785,0.4077777777777778,0.9161111111111111
0.26889851311882423,0.4088888888888889,0.9161111111111111
0.2688151476435882,0.4088888888888889,0.9166666666666666
0.2685597305738457,0.40944444444444444,0.9166666666666666
0.26854167697956055,0.40944444444444444,0.9172222222222223
0.26687089360490274,0.41388888888888886,0.9172222222222223
0.2663360350477561,0.41388888888888886,0.9188888888888889
0.2661051125217937,0.41444444444444445,0.9188888888888889
0.2646419451175429,0.41444444444444445,0.92
0.26375478881724906,0.41555555555555557,0.92
0.2633547973313872,0.41555555555555557,0.9211111111111111
0.2599055680285923,0.41888888888888887,0.9211111111111111
0.2597636861029533,0.41888888888888887,0.9216666666666666
0.2570239179575066,0.42444444444444446,0.9216666666666666
0.25617723556709854,0.42444444444444446,0.9227777777777778
0.2556581275150478,0.4255555555555556,0.9227777777777778
0.2552350051528715,0.4255555555555556,0.9238888888888889
0.2546857294121487,0.42777777777777776,0.9238888888888889
0.2545064617136798,0.42777777777777776,0.9244444444444444
0.2540445480863415,0.42944444444444446,0.9244444444444444
0.2539821898618975,0.42944444444444446,0.925
0.2534304647331865,0.4311111111111111,0.925
0.2533886871641387,0.4311111111111111,0.9255555555555556
0.25196505275376513,0.43333333333333335,0.9255555555555556
0.251623807011743,0.43333333333333335,0.9261111111111111
0.2489624610568251,0.4388888888888889,0.9261111111111111
0.24883938971550446,0.4388888888888889,0.9272222222222222
0.24780168518548712,0.43944444444444447,0.9272222222222222
0.24777237826258944,0.43944444444444447,0.9277777777777778
0.24774879032886787,0.44,0.9277777777777778
0.2473897853028607,0.44,0.9283333333333333
0.24724428792579617,0.44055555555555553,0.9283333333333333
0.2466036391252508,0.44055555555555553,0.9294444444444444
0.24510002484923482,0.4438888888888889,0.9294444444444444
0.2450075705381588,0.4438888888888889,0.9305555555555556
0.24433537847567174,0.44722222222222224,0.9305555555555556
0.24408210303009162,0.44722222222222224,0.9311111111111111
0.24382121079606126,0.4483333333333333,0.9311111111111111
0.24373892700490377,0.4483333333333333,0.9316666666666666
0.24102210366435725,0.45166666666666666,0.9316666666666666
0.24025116058016646,0.45166666666666666,0.9322222222222222
0.2395062277643339,0.45555555555555555,0.9322222222222222
0.23944306604561524,0.45555555555555555,0.9327777777777778
0.23910264811352375,0.45611111111111113,0.9327777777777778
0.2387526219644179,0.45611111111111113,0.9338888888888889
0.23740698907527288,0.4577777777777778,0.9338888888888889
0.23731825674194829,0.4577777777777778,0.9344444444444444
0.23634836369335335,0.4588888888888889,0.9344444444444444
0.23625881782966682,0.4588888888888889,0.935
0.23125961738703585,0.4666666666666667,0.935
0.2312323235099374,0.4666666666666667,0.9355555555555556
0.230131548118145,0.4688888888888889,0.9355555555555556
0.22978362372591868,0.4688888888888889,0.9361111111111111
0.22858994780291877,0.47055555555555556,0.9361111111111111
0.22813462032818085,0.47055555555555556,0.9372222222222222
0.22472746429353838,0.4772222222222222,0.9372222222222222
0.22457540010485974,0.4772222222222222,0.9377777777777778
0.22315347315259118,0.47888888888888886,0.9377777777777778
0.2225592363733342,0.47888888888888886,0.9394444444444444
0.21957155436604922,0.4822222222222222,0.9394444444444444
0.2191723596692732,0.4822222222222222,0.94
0.21771618389590974,0.48388888888888887,0.94
0.2174105528060689,0.48388888888888887,0.9405555555555556
0.21709068594093936,0.4855555555555556,0.9405555555555556
0.2167949440426925,0.4855555555555556,0.9411111111111111
0.21649316780637134,0.4866666666666667,0.9411111111111111
0.21628857915364563,0.4866666666666667,0.9416666666666667
0.2158940794039506,0.48777777777777775,0.9416666666666667
0.2158097036499181,0.48777777777777775,0.9422222222222222
0.21405821910454143,0.49166666666666664,0.9422222222222222
0.21400075200167434,0.49166666666666664,0.9427777777777778
0.21399342265103774,0.4922222222222222,0.9427777777777778
0.21356787672272565,0.4922222222222222,0.9433333333333334
0.21304007294939642,0.49333333333333335,0.9433333333333334
0.21271738306763968,0.49333333333333335,0.9444444444444444
0.2110246278397141,0.4955555555555556,0.9444444444444444
0.2106790957477374,0.4955555555555556,0.9455555555555556
0.2105794719024055,0.4961111111111111,0.9455555555555556
0.20970770848515305,0.4961111111111111,0.9461111111111111
0.20939749592388815,0.49722222222222223,0.9461111111111111
0.20907576614877463,0.49722222222222223,0.9466666666666667
0.20621937829392376,0.5033333333333333,0.9466666666666667
0.2054694882871014,0.5033333333333333,0.9477777777777778
0.20319045559447083,0.5072222222222222,0.9477777777777778
0.203117959051208,0.5072222222222222,0.9483333333333334
0.20087095660892929,0.5094444444444445,0.9483333333333334
0.20076941366868667,0.5094444444444445,0.9488888888888889
0.20061185963305314,0.51,0.9488888888888889
0.20050867928970656,0.51,0.9494444444444444
0.19973474463338692,0.5116666666666667,0.9494444444444444
0.19943587606192964,0.5116666666666667,0.95
0.19892978206462633,0.515,0.95
0.1987988946543105,0.515,0.9505555555555556
0.1982455679795415,0.5172222222222222,0.9505555555555556
0.198141431402276,0.5172222222222222,0.9516666666666667
0.1979908550221979,0.5177777777777778,0.9516666666666667
0.1977734603000208,0.5177777777777778,0.9522222222222222
0.1941257958513927,0.5227777777777778,0.9522222222222222
0.19402571578654987,0.5227777777777778,0.9527777777777777
0.19399738658014076,0.5238888888888888,0.9527777777777777
0.1938876104740592,0.5238888888888888,0.9533333333333334
0.19189472938591431,0.5277777777777778,0.9533333333333334
0.19181913280805984,0.5277777777777778,0.9538888888888889
0.18909978166953884,0.5333333333333333,0.9538888888888889
0.18882091856595612,0.5333333333333333,0.9544444444444444
0.1876625501654876,0.535,0.9544444444444444
0.1873647667117345,0.535,0.955
0.18514610643479668,0.5411111111111111,0.955
0.18508242525391505,0.5411111111111111,0.9555555555555556
0.17905932491150545,0.5572222222222222,0.9555555555555556
0.179003839914583,0.5572222222222222,0.9561111111111111
0.1758918150282498,0.5644444444444444,0.9561111111111111
0.17539228237594648,0.5644444444444444,0.9572222222222222
0.17409273035141307,0.5666666666666667,0.9572222222222222
0.1736172024041775,0.5666666666666667,0.9577777777777777
0.1711948221597216,0.5705555555555556,0.9577777777777777
0.17093000241984158,0.5705555555555556,0.9583333333333334
0.16699810809960874,0.5777777777777777,0.9583333333333334
0.16697775211754756,0.5777777777777777,0.9588888888888889
0.1665264021561717,0.58,0.9588888888888889
0.16617394297498195,0.58,0.9594444444444444
0.16551407760239065,0.5816666666666667,0.9594444444444444
0.1654896033660385,0.5816666666666667,0.96
0.16548649865167314,0.5822222222222222,0.96
0.16535422546670556,0.5822222222222222,0.9605555555555556
0.1628375467009557,0.5872222222222222,0.9605555555555556
0.16268805793262095,0.5872222222222222,0.9611111111111111
0.1624936133087072,0.5883333333333334,0.9611111111111111
0.16198956394108496,0.5883333333333334,0.9622222222222222
0.1601878536919469,0.5911111111111111,0.9622222222222222
0.16009110568204196,0.5911111111111111,0.9627777777777777
0.15773639540339537,0.5955555555555555,0.9627777777777777
0.15767127884426463,0.5955555555555555,0.9633333333333334
0.15546314218607496,0.6005555555555555,0.9633333333333334
0.1552150718895004,0.6005555555555555,0.9638888888888889
0.15499190352145495,0.6011111111111112,0.9638888888888889
0.15489060782577016,0.6011111111111112,0.9644444444444444
0.15478309459616396,0.6016666666666667,0.9644444444444444
0.1546767716620366,0.6016666666666667,0.965
0.15421473443003067,0.6033333333333334,0.965
0.153966169847973,0.6033333333333334,0.9655555555555555
0.15361079496136573,0.6055555555555555,0.9655555555555555
0.1534318558574997,0.6055555555555555,0.9661111111111111
0.15199640742900958,0.61,0.9661111111111111
0.15168018223936738,0.61,0.9672222222222222
0.1514063775781268,0.6105555555555555,0.9672222222222222
0.15117723453078052,0.6105555555555555,0.9677777777777777
0.15077818369067805,0.6116666666666667,0.9677777777777777
0.15063900840136396,0.6116666666666667,0.9683333333333334
0.15021204620319137,0.6138888888888889,0.9683333333333334
0.14994221665324528,0.6138888888888889,0.9688888888888889
0.14604745764278285,0.625,0.9688888888888889
0.14593153549336885,0.625,0.9694444444444444
0.1456080819160121,0.6255555555555555,0.9694444444444444
0.14533904314360005,0.6255555555555555,0.97
0.1446845688876094,0.6277777777777778,0.97
0.14464787415493952,0.6277777777777778,0.9705555555555555
0.1440743246556997,0.6294444444444445,0.9705555555555555
0.14399995835521098,0.6294444444444445,0.9711111111111111
0.14069187981133527,0.6333333333333333,0.9711111111111111
0.14053052389755954,0.6333333333333333,0.9716666666666667
0.14034192591970404,0.635,0.9716666666666667
0.13993875364227895,0.635,0.9722222222222222
0.139780132907448,0.6366666666666667,0.9722222222222222
0.13960110058293038,0.6366666666666667,0.9727777777777777
0.13651977403238544,0.6444444444444445,0.9727777777777777
0.13614571753786517,0.6444444444444445,0.9733333333333334
0.12937824062855613,0.665,0.9733333333333334
0.12903565459093164,0.665,0.9738888888888889
0.12806369161867584,0.6677777777777778,0.9738888888888889
0.12767078411166535,0.6677777777777778,0.9744444444444444
0.12742322695222807,0.6694444444444444,0.9744444444444444
0.127271105996365,0.6694444444444444,0.975
0.12478038911581127,0.6755555555555556,0.975
0.12451717730969239,0.6755555555555556,0.9761111111111112
0.12397889583643466,0.6772222222222222,0.9761111111111112
0.12385815157880417,0.6772222222222222,0.9766666666666667
0.12312350501079507,0.6805555555555556,0.9766666666666667
0.12265152131723238,0.6805555555555556,0.9772222222222222
0.12003536023472285,0.6866666666666666,0.9772222222222222
0.11952656000385956,0.6866666666666666,0.9777777777777777
0.11875628697663748,0.6888888888888889,0.9777777777777777
0.11867632425178186,0.6888888888888889,0.9783333333333334
0.1177224823858309,0.6905555555555556,0.9783333333333334
0.11739864578656468,0.6905555555555556,0.9788888888888889
0.11671590334497314,0.6927777777777778,0.9788888888888889
0.11655716911476072,0.6927777777777778,0.9794444444444445
0.11572070922611587,0.6955555555555556,0.9794444444444445
0.11560344105085865,0.6955555555555556,0.98
0.11474117313328863,0.6961111111111111,0.98
0.1143594385293134,0.6961111111111111,0.9805555555555555
0.10694281120143333,0.7144444444444444,0.9805555555555555
0.10692803468200356,0.7144444444444444,0.9811111111111112
0.10603612282379618,0.7183333333333334,0.9811111111111112
0.10554249789227554,0.7183333333333334,0.9816666666666667
0.09973774038975207,0.7344444444444445,0.9816666666666667
0.09882001468262086,0.7344444444444445,0.9827777777777778
0.09687334396997571,0.74,0.9827777777777778
0.0968648190418402,0.74,0.9833333333333333
0.09528525941507342,0.745,0.9833333333333333
0.09499535069127199,0.745,0.9838888888888889
0.09385021096965009,0.7511111111111111,0.9838888888888889
0.09380435483459658,0.7511111111111111,0.9844444444444445
0.08986570449046544,0.7622222222222222,0.9844444444444445
0.0897457861728462,0.7622222222222222,0.985
0.08968866498323284,0.7627777777777778,0.985
0.08963045090660691,0.7627777777777778,0.9855555555555555
0.08942933939487024,0.7633333333333333,0.9855555555555555
0.0893872880434638,0.7633333333333333,0.9861111111111112
0.08887163845481151,0.7655555555555555,0.9861111111111112
0.08883574509159674,0.7655555555555555,0.9866666666666667
0.08714403708362725,0.7705555555555555,0.9866666666666667
0.08623817313984691,0.7705555555555555,0.9872222222222222
0.08511021645501957,0.7733333333333333,0.9872222222222222
0.0850448500755746,0.7733333333333333,0.9877777777777778
0.08473891848344499,0.775,0.9877777777777778
0.08445343657783017,0.775,0.9883333333333333
0.08322980229401766,0.7783333333333333,0.9883333333333333
0.08309645606522703,0.7783333333333333,0.9888888888888889
0.082528704335717,0.78,0.9888888888888889
0.08235931560997144,0.78,0.9894444444444445
0.08157986561819927,0.7833333333333333,0.9894444444444445
0.08153869828860467,0.7833333333333333,0.99
0.08103123395674668,0.7877777777777778,0.99
0.08058683289242449,0.7877777777777778,0.9905555555555555
0.0798123849986556,0.7883333333333333,0.9905555555555555
0.07958099111403583,0.7883333333333333,0.9911111111111112
0.07806798294168764,0.7933333333333333,0.9911111111111112
0.07788829611527982,0.7933333333333333,0.9916666666666667
0.07572103563581616,0.8033333333333333,0.9916666666666667
0.07571317931597932,0.8033333333333333,0.9922222222222222
0.07413715335161862,0.8088888888888889,0.9922222222222222
0.07407398870611893,0.8088888888888889,0.9927777777777778
0.07210567810735774,0.8161111111111111,0.9927777777777778
0.0720524049153924,0.8161111111111111,0.9933333333333333
0.06725053600293827,0.8311111111111111,0.9933333333333333
0.06664359436748268,0.8311111111111111,0.9938888888888889
0.06297716878972515,0.8433333333333334,0.9938888888888889
0.06257893787430312,0.8433333333333334,0.9944444444444445
0.05632560903206138,0.8688888888888889,0.9944444444444445
0.05609895783019644,0.8688888888888889,0.995
0.0517136342308288,0.8888888888888888,0.995
0.05168188033317093,0.8888888888888888,0.9955555555555555
0.0483200302651699,0.9044444444444445,0.9955555555555555
0.04828525528849342,0.9044444444444445,0.9961111111111111
0.04651774735455422,0.9083333333333333,0.9961111111111111
0.04642152434436874,0.9083333333333333,0.9966666666666667
0.045765752652473506,0.9094444444444445,0.9966666666666667
0.0451426898747334,0.9094444444444445,0.9972222222222222
0.04149573299248291,0.9183333333333333,0.9972222222222222
0.041465767979102154,0.9183333333333333,0.9977777777777778
0.04010846450357437,0.9211111111111111,0.9977777777777778
0.03977818993652329,0.9211111111111111,0.9983333333333333
0.039472413178373536,0.9222222222222223,0.9983333333333333
0.03940506052298535,0.9222222222222223,0.9988888888888889
0.027952020559224217,0.9588888888888889,0.9988888888888889
0.02760132356239132,0.9588888888888889,0.9994444444444445
0.01980296860129936,0.9755555555555555,0.9994444444444445
0.019405258755218962,0.9755555555555555,1.0
0.0030899351969195547,1.0,1.0
